{"name":"InteractiveOption","identifier":"O350CAKSZ6","description":"Interactive Option","slotTypeValues":[{"synonyms":null,"sampleValue":{"value":"Choose a department"}},{"synonyms":null,"sampleValue":{"value":"Schedule a meeting with an agent"}},{"synonyms":null,"sampleValue":{"value":"Rate my experience"}},{"synonyms":null,"sampleValue":{"value":"View flight options"}}],"parentSlotTypeSignature":null,"valueSelectionSetting":{"resolutionStrategy":"ORIGINAL_VALUE","advancedRecognitionSetting":null,"regexFilter":null}}