{"name":"appointment","identifier":"4RIUUYYN5H","description":null,"slotTypeName":"Appointment","obfuscationSetting":{"obfuscationSettingType":"None"},"valueElicitationSetting":{"promptSpecification":{"messageGroupsList":[{"message":{"ssmlMessage":null,"customPayload":null,"plainTextMessage":{"value":"When would you like to schedule the appointment?"},"imageResponseCard":null},"variations":null}],"maxRetries":1,"allowInterrupt":true},"slotConstraint":"Optional","defaultValueSpecification":null,"sampleUtterances":null,"waitAndContinueSpecification":null},"multipleValuesSetting":null}