{
  "name": "Amazon Connect Widget Demo Tool",
  "version": "1.0.0",
  "description": "Demo your Amazon Connect Widget on any website. Cut off http headers to allow iframes injection",
  "manifest_version": 3,
  "content_scripts": [
    {
      "matches": ["<all_urls>"],
      "js": ["contentScript.js"]
    }
  ],
  "action": {
    "default_popup": "popup.html"
  },
  "permissions": [
    "tabs",
    "declarativeContent",
    "activeTab",
    "scripting",
    "webRequest",
    "declarativeNetRequest",
    "storage",
    "contextMenus",
    "<all_urls>"
  ],
  "background": {
    "service_worker": "background.js"
  },
  "icons": {
    "48": "icon.png"
  }
}
